,precision,recall,f1-score,support
0,0.8620483259548447,0.79933,0.8295053301474384,200000.0
1,0.8129395807989709,0.872085,0.8414742697520933,200000.0
accuracy,0.8357075,0.8357075,0.8357075,0.8357075
macro avg,0.8374939533769078,0.8357075,0.8354897999497659,400000.0
weighted avg,0.8374939533769077,0.8357075,0.8354897999497659,400000.0
