,precision,recall,f1-score,support
0,0.8485311456897554,0.76644,0.8053991714194892,200000.0
1,0.787041596002699,0.8631843159215796,0.8233563135064755,199999.0
accuracy,0.8148120370300925,0.8148120370300925,0.8148120370300925,0.8148120370300925
macro avg,0.8177863708462272,0.8148121579607899,0.8143777424629823,399999.0
weighted avg,0.8177864477083564,0.8148120370300925,0.8143777200164987,399999.0
