,precision,recall,f1-score,support
0,0.8645908722065048,0.788455,0.824769605740766,200000.0
1,0.8055750858182721,0.8765143825719128,0.8395488613778406,199999.0
accuracy,0.8324845812114531,0.8324845812114531,0.8324845812114531,0.8324845812114531
macro avg,0.8350829790123884,0.8324846912859565,0.8321592335593033,399999.0
weighted avg,0.8350830527823059,0.8324845812114531,0.8321592150851875,399999.0
