,precision,recall,f1-score,support
0,0.6775496565492505,0.800945,0.7340980331054204,200000.0
1,0.7566192877884762,0.6188230941154705,0.6808187604174116,199999.0
accuracy,0.7098842747106868,0.7098842747106868,0.7098842747106868,0.7098842747106868
macro avg,0.7170844721688634,0.7098840470577352,0.7074583967614161,399999.0
weighted avg,0.7170843733315772,0.7098842747106868,0.7074584633606734,399999.0
